1,user1,John,Doe,30,john.doe@example.com,123 Main St,1,Order 1,2022-01-10,2022-01-20,1,1
2,user2,Alice,Johnson,25,alice.johnson@example.com,456 Elm St,2,Order 2,2022-02-15,2022-02-25,2,2
3,user3,Bob,Smith,35,bob.smith@example.com,789 Oak St,3,Order 3,2022-03-20,2022-03-30,3,3
4,user4,Emma,Brown,28,emma.brown@example.com,321 Pine St,4,Order 4,2022-04-25,2022-04-05,4,4
5,user5,Michael,Lee,32,michael.lee@example.com,654 Birch St,5,Order 5,2022-05-30,2022-05-10,5,5
6,user6,Sophia,Davis,27,sophia.davis@example.com,987 Cedar St,6,Order 6,2022-06-05,2022-06-15,6,6
7,user7,James,Wilson,40,james.wilson@example.com,543 Maple St,7,Order 7,2022-07-10,2022-07-20,7,7
8,user8,Olivia,Evans,22,olivia.evans@example.com,765 Spruce St,8,Order 8,2022-08-15,2022-08-25,8,8
9,user9,William,Moore,33,william.moore@example.com,234 Fir St,9,Order 9,2022-09-20,2022-09-30,9,9
10,user10,Charlotte,Taylor,29,charlotte.taylor@example.com,876 Redwood St,10,Order 10,2022-10-25,2022-10-05,10,10
